{"cameraMode":{"drawMode":0,"name":"Shaded","section":"Shading Mode"},"sceneLighting":false,"audioPlay":false,"sceneViewState":{"m_AlwaysRefresh":false,"showFog":false,"showSkybox":false,"showFlares":false,"showImageEffects":false,"showParticleSystems":false,"showVisualEffectGraphs":true,"m_FxEnabled":true},"in2DMode":false,"pivot":{"x":-0.029822975397109987,"y":0.8538235425949097,"z":-0.27670782804489138},"rotation":{"x":0.0013061418430879713,"y":0.960031270980835,"z":-0.28002700209617617,"w":0.004629021510481834},"size":0.8471201658248901,"orthographic":false}