{"cameraMode":{"drawMode":0,"name":"Shaded","section":"Shading Mode"},"sceneLighting":false,"audioPlay":false,"sceneViewState":{"m_AlwaysRefresh":false,"showFog":false,"showSkybox":false,"showFlares":false,"showImageEffects":false,"showParticleSystems":false,"showVisualEffectGraphs":true,"m_FxEnabled":true},"in2DMode":false,"pivot":{"x":0.010136008262634278,"y":0.8176618814468384,"z":0.012708604335784912},"rotation":{"x":0.0013061418430879713,"y":0.960031270980835,"z":-0.28002700209617617,"w":0.004629021510481834},"size":1.0996290445327759,"orthographic":false}