{"cameraMode":{"drawMode":0,"name":"Shaded","section":"Shading Mode"},"sceneLighting":false,"audioPlay":false,"sceneViewState":{"m_AlwaysRefresh":false,"showFog":false,"showSkybox":false,"showFlares":false,"showImageEffects":false,"showParticleSystems":false,"showVisualEffectGraphs":true,"m_FxEnabled":true},"in2DMode":false,"pivot":{"x":0.00990283489227295,"y":0.8572474718093872,"z":0.002523958683013916},"rotation":{"x":0.0013061418430879713,"y":0.960031270980835,"z":-0.28002700209617617,"w":0.004629021510481834},"size":1.110714316368103,"orthographic":false}